Drate,Denom
19.8,1902
12.2,1471
9.1,784
21.1,2208
22.6,579
7.1,924
3,3750
6.6,227
17.3,2489
20.9,377
9.6,1547
10.8,360
11.8,2454
13,1568
15.9,132
7.8,1889
10.7,204
11.2,774
6.7,574
15.1,330
13.7,616
1.9,914
25.8,394
16.7,915
6.2,369
22.9,406
32,250
10.4,7139
11.5,876
5.2,5814
5.9,4250
7.4,1491
8.4,3955
18.5,1345
7.8,192
12.2,1341
12.5,400
22.2,355
7.1,293
6.1,29753
19.2,2857
19,4152
21.3,2434
20.4,842
6.5,18571
7.4,7067
5.8,7084
17.8,1234
14.1,959
33.2,523
7.7,194
10.8,2731
6.5,4507
13,436
8.1,2796
7.6,248
12.7,141
10.1,59
4.4,1353
8.3,1134
4.8,250
3.1,631
9.7,3280
5.3,301
20.1,238
11.4,35
27.8,276
4.8,184
15.7,932
5.4,4279
2,718
15.2,1576
22.6,190
26.9,1638
5,415
3.4,3593
22.5,386
2.1,47
2.9,1311
16.4,347
3.9,2381
4,467
3.3,30
6.3,392
3.1,1193
3.8,262
3.9,5872
5.9,3180
3.6,6658
5.4,4471
7.6,3377
5.9,3812
1.5,2989
3.7,3538
4.8,3040
5,3849
6.8,2068
5.4,5927
2.8,5512
5.4,7546
4.8,5552
3.5,5401
5.2,1720
4.6,1882
16.7,620
12.2,196
6,50
2.2,1736
2,48
14.1,290
3.6,460
1.2,79
0.8,124
3.9,127
0,68
1.5,126
24.2,165
12.9,155
28.4,383
4,591
19.4,77
24,125
4,444
16.2,252
17.9,178
20,294
13.3,135
10.8,239
10,408
9.5,336
2.4,613
15.8,233
14.2,520
3.4,405
19,524
13.3,105
10.2,408
3.2,791
11.1,270
1,100
13.4,320
24.7,178
8.6,406
5.1,677
4.7,2513
19.7,76
1.3,1302
21.5,950
3.9,357
18.2,694
10.7,102
13.8,695
23.6,457
13.6,492
3,195
0,118
18.2,1330
20.4,924
5.2,192
2.5,540
14.8,189
15.2,190
4.2,1118
10.1,285
14,50
6.6,90
1.1,355
14.5,462
6,266
6,444
6.5,1279
5.3,429
5.8,51
7.1,448
17.2,255
13.4,275
3.3,962
28.2,152
24.3,152
18.4,125
10.5,417
11.5,165
15.2,589
11.2,490
1.7,117
8.1,61
20.6,805
4.8,393
16.8,202
9.8,183
15.5,1486
13.1,350
13.7,393
2,50
19.5,424
19.3,923
4.7,444
13.4,290
4.3,755
10.9,265
0.2,337
4,49
3.4,1172
0.5,959
21.1,545
15.5,225
2.4,4705
2,5620
1.9,4929
1.8,6738
2.8,4427
2.1,4928
0.5,736
2.4,3696
3.6,3360
2.7,1548
3,2319
0.9,1404
1.8,7729
1.9,1694
19.4,416
15,253
8.8,90
2.4,369
1.3,296
3.6,731
6.3,394
15,93
9.7,1056
10.7,2416
0,230
1.4,819
4.7,3089
2.8,5487
2.5,233
10.2,996
3.7,79
17.7,158
10.7,2623
9,244
8.1,6142
17.1,506
20,340
3.2,2860
8.8,1750
15,286
3.1,4515
1.7,2761
6,548
8.7,662
6,2818
3.2,280
5.8,1369
0.8,848
5,40
3.1,32
4.3,138
15.5,251
4.1,1554
0,30
7.3,41
18.3,5019
1.9,1937
3.4,1544
6.3,2820
2.5,776
1.9,251
10.3,1260
2.5,5492
5.4,1737
1.6,362
5.7,1383
0.8,1164
13.3,1292
11.7,170
2.8,3224
13.4,640
1.8,2682
5.4,182
3.4,1448
15.1,1473
8.8,315
1.7,4632
1,3239
7.8,2506
10.6,23813
12.3,1082
3.9,102
5.8,3060
15.3,1404
6.6,827
8.5,3089
16.9,2497
16.3,2063
4.2,47
13.8,3453
12.4,2781
21.7,396
5.7,3114
9.5,3194
5.8,6054
2,196
13.5,5561
14.8,128
19.1,658
5,540
4.6,724
3.4,7724
15.1,767
17.5,1405
5.3,1331
28.4,27770
12.7,5022
14.8,250
12.6,182
13.2,2010
6.5,443
11.3,4269
3.3,8265
15.4,459
13.2,2238
19,631
16.1,1105
4.4,693
15.2,3140
14.7,4460
10.4,991
12.9,162
10.3,1025
7.9,5956
11.8,7230
4,993
19.1,4143
1.9,7184
2.3,2739
3.4,10483
3,1612
13.9,423
11.1,950
5.4,237
14.1,4081
15.6,153
7.1,2081
13.1,548
3.5,481
11.7,492
7,1090
14.9,228
7.1,797
12,1354
0,52
8.7,2431
13.8,224
1.7,2331
14.2,1256
10.8,147
1.2,2472
17.3,3385
6.4,5464
5.6,988
9.6,13250
14.7,1524
6.4,8093
10.3,397
6.8,2887
4.9,2599
12.8,3240
13.4,663
8.2,3604
10,289
28.2,463
4.1,884
14.1,459
18.5,1852
9.8,1076
17.5,965
5,558
7.7,257
7.9,189
2.4,5299
8.3,3684
3.5,167
8.6,3350
3,1459
6.6,314
5.6,616
4.6,362
4.2,3285
7.5,1001
20.3,403
12.6,615
20.6,150
22.8,735
6,4843
6.1,243
14.9,2110
7.3,3444
12.8,1183
16.6,1664
3.2,684
3.7,4488
5.7,2526
2.8,141
11.1,27
2.1,657
4.5,1616
23.1,2169
0,40
15.3,572
10.2,225
19.3,890
2.4,1228
17.5,234
16.1,668
22,426
22.7,848
22.3,1015
25.8,1404
15.4,491
0.1,1485
1.2,470
2.1,47
11.9,42
3.9,879
8.9,3208
3.9,1815
14.3,237
4.2,6076
6.3,2704
12.2,818
3.2,910
7.2,262
16.8,249
1.3,73
4.2,518
0,96
4.1,265
0.6,152
2.7,1027
3.5,4552
6.6,1755
12,2206
1.8,480
1.7,458
11.1,1009
4,392
13.1,281
10.2,692
3.1,346
11.4,254
2.3,379
4.4,1727
4.1,310
7.3,609
3.1,3983
6.9,43
19.8,131
12.5,192
3.2,31
6.1,719
0,52
8.2,719
9.6,434
13.5,155
3.9,226
4.1,1788
3,873
5.1,882
4.5,44
7.7,5669
1,3119
4.9,1458
14.5,103
6.6,464
7.9,1730
14.4,554
8.1,479
6.4,2275
4.2,970
16.1,229
5.6,703
9.4,4715
6.3,3531
7.6,13
4.1,1944
6.7,1430
3.9,480
6.6,749
18.4,476
0.8,1854
2.2,6262
2.6,5796
13.1,38
9.6,62
8.4,3571
1,548
4,49
16.9,195
8.1,661
4.7,5080
5.9,638
2.1,976
9.5,42
2.2,363
4.8,270
3,591
5.6,302
2.4,288
3.4,431
4,299
5.1,332
7.4,1496
23.7,2871
11.9,3463
6.5,2400
3.9,6525
8.8,1050
6.3,7801
7.2,946
12.3,1582
8.7,1833
8.7,1747
3.1,410
5.1,820
5.6,5978
4.3,46
6.8,175
2.6,5377
8.8,3131
8.1,2930
0.9,412
5.2,834
13.5,413
5.2,363
1.7,291
2.8,392
7.3,693
0.6,1659
3.8,1076
23.2,3205
6.3,206
6.9,462
7.7,1130
19.3,704
4.6,412
2.1,367
1.7,349
0.8,462
3.6,299
16.7,453
6.2,32
2.8,354
1.8,1097
20.5,409
14,749
22.1,2278
9.6,768
5.7,754
2.4,250
3.4,5940
6.9,258
4.3,435
1.8,579
20.3,471
16,820
4.6,563
3.5,539
13.5,40148
3.6,354
3.3,510
4.3,983
3.9,3067
9.3,661
2.6,5118
9.1,2228
9.7,533
6.6,480
2.1,95
12.3,697
15.6,593
6.1,1257
4.8,1106
12.1,239
8,186
17.3,2169
27.7,375
13,491
7.9,290
9.4,295
13.2,211
8,161
6.3,2755
21.4,584
12,75
8,890
6.6,315
7.7,219
17.5,746
6.6,1030
11.9,168
9.6,1374
8.4,1828
7.2,1471
4.9,4612
7,271
13.1,206
9.8,102
11.2,276
6.4,404
7.6,1542
14.4,416
5.9,585
6.2,531
5.4,442
8.5,281
5.3,297
5,5175
11.1,2111
7.4,3353
10.1,168
7.5,515
2.8,245
3.9,858
7.9,188
8.4,296
15.9,1027
5.1,738
3.2,247
6.7,1691
11.2,4606
6.5,489
11.2,196
17.2,917
11.3,256
2.4,41
9.6,933
4.3,69
8.1,567
10.6,2513
10.6,2391
27.1,1255
12.8,498
2.6,265
12.8,521
4.5,5072
30.5,1009
21.2,1899
28.5,473
20.7,873
28.2,1034
26.4,2397
34.8,772
6.8,4504
7.1,448
9.5,5184
4.9,182
13.4,447
11.1,1645
16.1,1813
8.3,430
6.5,1457
3.9,4124
10.2,586
12.9,681
7.8,993
0.4,686
7.5,1868
6.5,1137
9.9,1795
5.5,1618
9.7,2258
7.6,342
6.7,3118
8.8,2227
16.2,1035
4.6,2135
6.7,2796
8,908
13.8,311
2.9,171
1.7,171
2.6,187
7,691
8.3,251
7.9,1092
2.4,242
2.5,1650
2.9,717
11.4,315
6.7,2475
6.2,2321
16.8,196
20,968
11.7,1755
11.8,1606
16.5,3020
13.5,761
4.5,549
10.5,369
17,1094
11.7,519
9.4,1387
3.1,387
16.8,1105
8.9,346
4.3,524
1.1,2925
2.5,1149
4.1,524
15.9,2183
2.5,516
16.4,2403
3.6,1954
2.1,142
4.9,141
2.3,343
4.2,4522
8.2,1918
2.1,5054
1.4,1564
4,2375
13,1214
7.2,1146
2.9,344
3.8,516
5.8,1047
3.3,151
1.6,59
7.4,498
3.4,696
1.9,608
1,493
5.9,970
7.4,631
1.1,939
6.2,1016
1.2,2229
1.2,5541
1,917
3.1,598
5.6,493
0.2,470
7.5,887
17.5,457
9.3,344
2.3,1007
3.7,593
2.1,874
15.3,728
18.5,285
2.5,429
0,34
1.2,2146
3.3,30
5.3,694
3.9,1580
5.1,3585
1,92
2,1633
17.9,467
14.8,317
14,427
13.2,1236
12.7,834
14,1098
12.7,1303
14.4,1111
14.9,2434
13.5,1486
11.7,890
1,648
4.8,490
2,348
5.3,2757
6.3,1174
4.6,1192
7.4,500
6.4,2096
3.8,1712
5.3,1295
0.7,388
2.6,151
7.6,442
2.4,5330
16.6,108
14.1,958
5.2,533
1.9,1336
1.9,631
7,2203
7.1,1916
2.1,615
4,2233
1.6,1712
3.1,5934
5.1,3755
0.7,257
3.7,909
2.9,909
2.8,320
9.8,416
0,198
1.1,848
7.7,530
3.9,331
4.2,402
19.5,409
5.3,622
6.1,537
20.1,555
2.7,814
0,83
5.1,6546
6.4,216
0,42
9.7,4062
17.2,1861
1.8,318
9.5,6342
7.3,4198
22.8,3356
3.5,363
20.1,189
16.2,302
12.2,293
7.4,914
15.8,4820
3.9,5954
24.4,86
20.5,4981
2.4,664
18.4,1535
0.4,221
23.6,1830
21,638
18.6,4629
6.2,516
6.5,1064
16,918
8.5,397
2.9,8442
3.3,1314
6.1,685
14.4,588
11.5,432
19.1,694
16.5,350
8.3,2471
15.4,1195
20.7,5370
4.7,4593
12.5,398
14.5,758
4,100
10,30
8.1,2804
17.9,1929
6.2,1101
19.5,674
6,1485
12.8,226
4.2,1351
1.5,5862
4.5,1933
5.6,2454
18.5,2781
8.2,7545
6.6,6023
0,41
10.3,2373
3.5,1039
11.8,906
4.6,1489
4,199
15.6,1141
0.9,209
1.3,449
3.1,1456
2.9,1341
1.9,2276
1.8,648
5.2,1292
14.1,261
1.1,540
3.8,1389
17.5,512
14.7,419
0.7,127
1,381
4.8,3852
2.7,146
19.3,3529
4.2,257
4.2,2007
4,375
12.4,2399
1.8,702
15.9,2102
4.7,971
5.3,3846
3.1,444
3.8,1600
0.7,557
9.3,491
11.9,1184
6.1,81
2.7,2705
3.8,436
1.3,296
12.2,848
3.4,2300
19.5,1485
8.4,1772
12.5,175
17.5,531
8.1,1120
24.5,579
22.3,1604
23.2,3835
18.3,1108
20.5,1129
14.4,3039
16,641
12.2,480
6.1,196
6.3,1589
21.9,1971
8.9,969
7.4,4192
18.9,943
24.1,575
15.6,1280
16,824
21.4,419
19.2,291
8.1,3989
9.7,4313
8.4,1365
9.4,580
10.6,75
8.3,1153
8.4,3319
13.9,6763
1.6,60
3.8,131
15.8,835
10.3,310
13.5,1427
4.3,93
6.1,831
5.5,635
21.5,616
4.7,42
13.7,967
13.8,1886
9.6,260
0.8,240
0.8,750
21.3,985
2.1,3571
3.4,1371
17.9,1898
5.1,97
20.8,662
9.7,1617
14.2,548
14.4,1560
16.1,1057
7.5,40
3,1017
7.8,1673
10.3,2552
4.1,623
10.3,2582
9.1,983
5.9,4637
0,257
2.6,2932
4.5,109
6,300
13.8,439
4.1,6147
3.4,1260
7.2,3444
7,3528
1,1672
4.6,5005
8.4,260
5.6,301
2.8,762
1.5,315
5.5,286
11.2,160
17,100
11.5,1493
12.4,653
5.4,3285
10.4,441
3.2,335
10.2,3777
8.1,403
8.5,793
5.5,326
2.4,605
1.9,1809
7.1,645
6.6,316
5,1599
6.1,391
6.1,3324
4,635
16.6,515
9,576
17.4,332
5.6,247
3.3,4252
7.7,953
13.9,186
5.1,3032
7.4,4945
7.4,389
0.5,588
4.8,758
12.2,1048
12.4,16362
9,1623
12,1658
9.3,749
4.5,707
1.5,508
2.3,3821
4.6,1366
4.3,1585
16.2,833
14.5,765
8.3,539
7.3,569
8.1,366
22.2,665
3.9,458
6.1,2202
7,710
4.7,3015
8.4,636
9.3,2236
12.1,1069
2.3,1637
4.7,4207
4.8,83
3.7,1716
7.5,3928
12.5,1384
8.1,3125
1.9,104
3.5,112
4.6,1341
3.6,13944
3,2268
7.9,829
2.7,660
1.7,1392
12.6,1273
8.6,500
12.7,1235
13,813
6.2,254
18.2,164
12,91
17.1,4938
18.4,689
12.4,6169
19.1,758
3.4,616
3.7,2111
5.5,755
1,191
6.7,206
2,547
9.2,65
0.8,336
18.8,9604
4.4,1227
8.2,327
5.9,1947
6.3,1617
4.1,2336
4.3,1598
14.8,1701
14.2,743
5.5,1518
14.7,981
7.7,1167
9.2,754
8.3,1441
1.8,979
4.1,73
2,246
6,576
12.6,1200
3.5,1429
1.6,4127
1.9,311
8.8,283
7.5,66
1,2728
3.2,833
7,627
4.6,449
2.7,3090
3.9,76
1.1,261
5,433
2.4,450
2.7,2482
1.7,342
7,356
4.6,997
2.5,1533
0,44
4.3,46
2.8,138
6.1,764
3.3,912
1.9,101
7.3,4524
2.8,803
4.7,126
5.3,603
8.7,400
2.8,1416
7.7,480
7.8,3552
3.2,1180
11.1,868
3.9,765
3.6,880
5,1772
3,431
0.2,359
2.1,8635
5,937
9.6,1072
4.6,3011
8.2,363
3.6,911
1,1110
4.3,684
3.2,3238
4.4,893
4.6,864
10.3,688
1.9,353
1.4,338
23,13
3.1,857
3.7,609
10.9,633
1.7,1224
n/a,n/a
4.4,3749
4.3,1323
2,478
7.3,393
3.1,32
4.6,1899
4,3947
1.8,2723
3.3,5552
2.7,4290
1.5,461
0.7,414
4.2,2582
8.3,3255
2.7,1981
4.7,1546
1.4,1159
3.5,1612
2.1,1499
4.2,2351
4.3,1577
5.7,1280
2.6,455
3,359
8,1304
11.7,1285
10.5,967
9.6,1132
4.9,1200
12.9,1155
17.3,1065
18.8,1404
16.3,1812
15.4,1208
13.4,1503
3.7,1535
19.8,780
9.6,2720
16.7,957
13.9,959
18,1865
17.9,5010
10.4,2335
14.1,1493
17,2712
13.1,1062
12.5,613
9.6,3010
19.2,400
16.6,469
12.3,1069
2.8,3844
5.8,1356
0.2,364
0.4,224
0.5,200
1.5,379
5.7,52
1.8,53
1.6,1673
1.5,390
12.2,229
3.8,521
0,22
9.4,170
2.2,953
10.6,3024
4.2,3403
5,844
8,374
8.3,514
13.6,271
13.6,242
6.1,1543
11.1,448
18.6,2360
17,628
21.1,104
1.4,142
23.9,847
0.6,2129
5,5909
13.5,781
1.5,924
11,1836
6.7,1311
14.9,328
10,737
4.4,968
34.3,67
19,542
8.4,296
6.5,334
n/a,n/a
8.8,679
28.7,587
28,460
15.1,514
5.2,518
8.8,733
10.1,306
9.1,1237
8.3,2652
15.8,718
9.1,392
8.6,1923
7.4,641
13.5,377
5.1,665
5.4,369
4.7,21
19.6,1030
16.7,131
23.5,598
10.4,67
2.8,5193
n/a,n/a
1.5,4176
5.7,6319
6,4254
1.5,1277
4.3,232
22.1,656
6,2408
18,155
19.9,261
3.5,2992
4.2,708
12.7,1803
6.5,1143
7,425
4,271
11.5,295
3.5,917
11.4,297
7.4,700
23.1,255
10.6,863
3.1,3281
3.3,3318
10.5,190
8.5,328
4.7,1055
9.3,75
4.3,1571
3.9,1076
6.9,316
8.7,4779
4.8,1225
1.2,1705
1.8,659
27.8,897
5.3,282
20.3,1709
3.9,102
8.1,4766
7.2,685
8.1,757
2.6,673
3.7,349
7.4,388
20.5,6519
10.8,379
3.6,355
4.6,970
8.5,2773
8.4,486
7.6,419
2.7,877
9.7,11219
0.5,199
4.5,305
16.8,2041
8.6,771
5.2,800
4.4,426
0,47
8,4416
8.1,4661
5.3,613
8.8,713
10.8,809
1.5,384
3.3,723
5,11670
9.7,9731
4.2,403
4.7,787
3.7,27
2.5,40
25.5,970
21.4,5747
12.1,2052
11.3,141
10.8,6980
6.9,10124
1.4,1933
9,5588
11.1,420
4.6,499
5,810
22.4,236
8.7,423
7.1,520
4.4,1409
12.9,3803
22.8,232
10.6,480
9.7,880
15.7,1345
5.3,544
9.4,3571
23.8,611
11.7,1101
22.1,379
20.5,312
21.7,963
17.8,520
23.2,769
10.2,2247
17.3,1057
11.3,522
6.7,460
4.4,578
5.2,750
10.8,257
12.1,1139
6.8,4275
17.3,886
12.8,452
15.8,346
9.1,261
11.2,907
24.7,327
10.6,1155
4.6,5512
4.6,626
18.8,377
20.1,2266
19.7,233
5.8,4596
9.4,1265
2.5,935
22.1,3974
2.1,796
2.4,815
4.4,491
11.7,17
23.7,2904
5.4,257
6.9,173
5.2,269
7,1652
3.9,5949
5.5,921
2.3,1051
19.7,10662
6.6,7136
1.2,244
20.1,3571
8,1539
16.9,479
24,1059
19.9,712
3.5,4338
0.5,846
8.4,677
1.9,605
6.6,60
6.6,810
2.8,527
14.6,3054
7.8,743
2.7,1073
1.1,349
1.7,509
10.3,1106
9,666
6.7,766
0.9,1365
4.7,547
2.4,697
8.6,767
4.5,731
18.4,6484
0,61
5.2,625
1.8,384
3,5766
2.2,2106
7.1,1228
2.4,601
5,59
2,344
4.9,948
6.5,697
2.1,470
5.7,873
17.6,809
16.6,7505
1.9,101
6,775
5.8,822
7.4,4253
1.6,360
9.9,592
6,690
18.5,868
1.7,351
10,515
3.4,87
4.6,1668
2,479
1.9,947
13.5,747
4,124
6.2,353
13.5,361
4.6,891
9.8,1408
1.7,752
8.6,150
2.9,479
7.8,639
5.7,823
2.6,414
11,316
13.8,959
0.4,250
4.8,1791
6.2,2613
7,2993
28,420
8.3,1853
7.6,1976
8.7,2451
6.7,2753
7.1,1732
9.5,991
6.4,2347
5.5,2185
5,2497
4.1,3692
5.1,19227
9.7,639
5.9,317
0.9,661
1.8,606
3.2,31
7.3,1340
4.1,24
4.5,1450
13,321
6.9,563
1.7,58
4.9,669
3.3,2045
3.5,480
3.5,536
1.3,147
4.5,8963
10.8,349
1.1,3009
3.5,7252
3.1,1371
3.1,418
14.7,149
1.7,1810
3.3,393
4,669
3.1,410
7.6,52
5.8,933
9.9,1920
7.1,197
4.1,1285
0.6,813
2.3,755
6.9,5247
2.6,884
8.2,2108
13.8,2468
2.1,366
3.1,1154
3.7,607
5.2,3303
7.9,290
4.1,790
3.8,1175
8.6,1073
1.2,553
6.8,700
2.4,844
8.4,677
1.9,3223
2.3,252
4.5,463
2.4,2070
2.6,226
3.5,537
5.1,352
7.1,169
3.4,411
7.6,884
11,1299
0.7,792
5.8,447
10.2,361
4.3,510
3.2,281
12.5,1301
11.5,391
2.3,6233
7,889
6.5,567
4.6,2996
15.6,396
12.6,467
9.6,239
3.8,1593
1.5,258
3.5,446
9.3,1225
6.5,274
5.9,688
9.3,268
9.2,627
7.5,331
3.4,463
4.9,426
4.8,3038
5.3,2508
10.5,3166
2.5,1426
12.2,2907
8.1,625
5.9,485
16.6,848
1.6,244
7.9,517
2.8,1145
9.5,3774
12.1,181
6.5,613
18.6,102
6.1,390
7,1100
12.5,798
8.2,1127
20.4,532
4.2,1268
14.2,372
5.8,308
1,194
15.2,144
10.3,5695
9.6,6186
3.1,384
0,119
4.1,829
2,300
13.5,3112
4.6,2194
11.2,374
4.9,877
11.1,818
4.4,1075
6.4,2650
4.7,16963
10.2,1842
3.2,215
0.7,1510
5.3,464
4.3,1035
7,271
14.8,1300
9.3,1813
6.5,276
1.9,51
3.8,2892
17.2,500
11.6,3689
12.3,597
10,339
3.8,131
7.5,998
16.1,1920
6.4,1441
18.2,527
3.5,139
13.1,1033
11.4,454
9.5,3054
17.9,156
22.1,1079
8.1,565
19.2,1247
7.3,936
11.7,469
11.8,372
7.2,840
19.2,375
6.4,2219
18.1,1338
7.4,4610
7.2,110
13.6,396
6.9,1000
5.6,695
6.8,1017
17,2604
11.4,412
6.4,1374
21.8,2963
7.1,8609
n/a,n/a
17.8,219
8.1,1159
6.9,3833
5.5,577
5.3,245
20.5,112
16.4,364
0.2,486
6.3,4602
10.8,624
9.1,1739
6.9,444
14.2,1551
6.2,3340
2.5,1558
13,367
5.6,8060
12.4,689
32,53
8.8,272
2.7,289
4.5,1202
6.6,992
9,3519
18.8,863
20,5316
18.3,1743
21,631
12.4,2854
8.4,3531
2.1,7851
7,3029
1.2,79
3.7,1435
14.9,268
23.3,394
9.2,3357
9.8,366
8.8,3310
6.4,6594
6.1,915
6.6,3878
4,395
18.5,3000
2.9,551
3.7,7515
2.9,826
6.1,9674
2.6,8035
1.1,865
11.4,5389
17.7,479
7.1,1608
6.9,635
7.5,2235
9.3,977
22.2,489
1.3,3577
12.2,1914
5.8,393
19.4,5249
3.1,5371
5.7,5112
5.4,1552
12.7,598
7.3,3839
2.7,829
2.8,173
6.4,647
2.9,906
12.3,105
4,246
5.7,278
9.6,1125
6.6,106
1.4,566
4.5,1149
6.6,165
3.6,471
1.8,2468
1.9,103
5.3,540
7.5,792
8.1,356
6,510
1.3,1186
2.4,1000
13.5,317
5.4,404
8.6,266
13.4,579
14.8,5476
3.5,198
7.2,1262
6,314
3.9,967
4,784
2.2,2946
7.4,670
3.8,936
12.4,1722
12.4,6345
5.5,5627
5.8,2453
3.6,332
6.3,173
3.7,6591
3.4,573
3.3,837
5.6,265
3.1,157
6.3,47
1.7,737
0.9,2712
1.8,915
10.2,478
2.3,5772
2.8,278
1.8,4445
18,300
21.7,2271
19.2,990
17,147
25.5,243
16.2,2043
11.5,2344
15.4,701
7.2,415
1,278
7.6,1113
21.5,395
6.5,3144
17.4,2155
11.8,496
4.7,3319
12.7,791
11.8,415
1.4,1741
26,261
15.7,891
17.5,485
23.3,718
4.7,626
19.5,786
2.3,904
21.9,391
17.3,300
2,1084
1.4,1964
10.2,690
15.7,349
17.2,1980
4.1,481
17.7,1579
1.8,588
2.5,8832
2.1,550
3.7,5962
19.4,559
2.3,2978
1.2,249
2.6,750
15.4,797
13.4,343
13,276
20.4,679
14.4,846
11.2,267
10.8,1349
17.2,389
10.5,3155
15.9,94
8.2,621
8.6,161
18,516
7.8,1082
8.8,742
17.1,801
8.5,7427
19,839
5.3,395
5.4,552
8.3,902
2.5,275
7,1643
2.3,894
6.5,844
14.2,1617
5.9,2416
3.9,710
11.1,152
5.7,957
0.9,317
7.4,646
2.1,2110
22.6,6503
2.4,665
4.5,547
4.6,43
6,165
3.4,287
2,594
1.7,5700
7,7480
11.5,3928
4.1,1742
4.1,813
4.3,2300
2.3,2468
1.6,2160
3.9,2987
3.9,2099
3.8,1656
3.7,2480
7.6,865
5.1,2791
12.5,438
9.7,143
7,399
16.7,257
4.9,2119
13.9,394
9.5,523
18.6,2257
4.8,1285
7.9,23686
7.9,23686
9.1,3101
7.7,2192
10.1,138
6.7,919
13.1,394
1.2,410
3.7,186
4.5,12478
6.5,2793
12.1,850
10.8,1102
7,568
5.7,315
2,8976
1.6,1186
5.9,185
5.1,154
8.2,898
3.3,771
7,425
9.8,917
5.7,1962
14.6,3722
20.1,1706
10.8,3473
15.2,690
6.4,1241
19.9,962
19.9,3197
20.5,840
19.3,1498
13.3,1134
14.2,3302
19.3,450
0,80
22,931
7.8,5811
18.9,1038
0,114
0,76
23.7,6835
0,41
2.5,39
22.6,2184
4.2,589
3.4,841
9.6,1375
17.1,1843
14,4531
5.7,52
3,33
0,17
13.9,2548
20.4,1071
12.7,893
10.5,104
5,479
20.8,792
32.5,1080
12.5,850
27.5,527
3.4,4572
6.9,2584
11.6,215
16.5,333
11.7,85
5.2,286
7.5,426
13.7,37249
14,1222
14.4,2117
19,1997
10.7,317
13.9,482
11.2,586
15.4,512
13.4,2290
8.1,185
17,5751
11,508
4.4,156
4.2,373
15.3,1787
20,30
16,12496
23.3,2382
2,298
4.6,86
8.8,507
22.6,905
11.7,1453
15,686
24.3,3587
17,193
6.1,570
4.6,596
14,1082
3.9,3068
16.4,346
21.9,3563
13.9,4647
17.4,229
22.3,2367
7.9,326
23.6,161
16.2,1723
12.4,826
19.6,1648
1,675
11.8,744
1.2,83
6.7,237
32,1090
3.5,4550
34.1,79
11.5,69
7.7,2878
11.3,1000
22.2,184
27.1,1062
16.6,848
1,194
0.5,842
0.6,827
16.7,185
0.8,373
17.8,185
20.7,159
15.5,522
13.8,1308
14.4,871
18.5,798
3.4,319
29.8,114
9.7,1319
12.5,286
18.4,347
7.9,23686
7.9,23686
7.9,23686
7.9,23686
4,50
0,45
21.2,283
5.3,556
12.9,5062
16.3,625
19.9,3710
19.4,560
11.2,1292
21.9,214
24.5,244
12.1,849
15.6,282
17.4,362
5.7,207
22.4,1026
24.8,1466
18.7,847
17.2,695
4.1,48
20.9,43
8.2,97
14.4,754
15.8,1487
18.8,2388
12.2,1988
19.4,359
10.2,704
12.3,203
19.3,937
17.5,199
26.6,1398
18.1,337
22.8,1694
13.5,59
17.9,145
16.9,248
23.3,90
6,648
16.4,85
12.2,466
9.4,562
11.2,464
20.4,854
18.4,445
19.3,1360
23.3,2317
21,989
9.3,43
14.2,49
25,44
7.8,89
28.1,32
8.9,56
19,742
21,133
16.6,198
15.2,46
18.4,1082
5.1,136
12.4,321
10.6,47
6.9,43
15.9,1929
12,100
20.9,2486
12.3,1698
14.2,330
14.1,1176
12.3,2542
8,791
10,30
15.9,345
23.9,1912
n/a,n/a
15.4,840
19.8,352
15.9,420
17.7,1079
15.3,345
21.9,675
21.2,363
10.8,138
19.5,848
18.6,4563
28.8,1493
14.5,1567
12.5,381
22.5,288
21.4,2200
3.2,152
1.7,56
4.8,267
4.9,81
2,97
2.5,197
3,163
3.5,112
4.7,21
2.6,378
2.5,80
3.1,191
7.2,317
4.2,118
3.8,8093
1.2,499
2.4,123
3,164
1.7,344
1.6,62
3.7,188
0,12
0,36
2.5,78
0,33
6.6,120
9.8,51
1.1,90
1.4,142
2.3,173
4.8,166
5.7,242
4.7,148
4.4,45
3,98
3.7,79
1.9,51
4.2,70
0,179
3.7,53
2.6,112
2.1,47
6.6,45
2.5,39
8.1,49
1.7,283
1.5,133
6.4,371
0,96
14.1,3294
5.2,95
3,260
3.3,60
4.5,22
9.5,21
4.8,41
11.1,36
9,22
0,34
1,98
13.7,29
n/a,n/a
5.7,35
1.4,348
3,66
2.7,217
0,16
6.4,31
3.2,31
0,57
0,60
0,26
18.1,44
4.7,16963
9.4,348
13,7774
16.2,977
17,1642
20.8,1354
7.5,333
17.3,75
14.7,487
16.6,1279
20.9,1272
13.5,479
18.9,1266
13.5,361
6.4,1023
18.2,345
14.4,2058
12.9,711
15.9,1522
15.3,1358
5.7,676
17.2,575
17.8,571
13.1,373
n/a,n/a
2.3,42
2.6,337
2.2,87
n/a,n/a
11.1,18
4.5,218
16.9,1654
14.6,7976
14,1954
0.4,749
11.6,868
9,2604
11.2,949
15.6,1453
20.1,144
14.2,1189
20.7,2586
6.5,1790
28.6,1086
23.5,3443
28.7,721
13.7,87
16.2,37
15.5,187
11.1,297
1,600
6.6,1707
0,153
6.3,729
2.9,307
16.5,145
11.9,126
4.6,792
9.3,236
8.4,1188
7.9,960
13.8,2988
17,445
8.3,168
13.3,263
21.4,1794
11.6,146
17.1,5687
1.2,77
1.2,81
6,66
11.3,938
16.8,895
14.3,439
0,108
6,133
16.1,1749
8.4,118
18,83
4.4,113
9.6,197
5.5,200
11.6,146
11.1,198
19.3,3317
3.5,1430
26.6,879
0,23
5.7,1161
19.3,880
11.4,87
5.8,188
6.2,64
15.8,322
10.7,11209
6.3,1204
26.5,286
18.5,1409
14.4,824
14,50
4.5,308
2.6,76
5.1,58
11.9,2621
16.5,550
34.4,447
21.7,1236
4.4,67
31.9,47
7.4,54
14,250
4.6,430
4.1,817
12.2,49
20.9,7830
11.8,59
14.3,382
32.2,555
13,2859
26.9,989
4.9,541
5.2,96
5.3,4602
14.1,1807
21.5,542
6.9,1170
7.5,53
13.6,566
14.2,456
13.4,373
12.7,516
3.6,604
15.3,1749
20.9,43
17.3,1088
3.2,91
2.8,214
21,1930
33.6,92
13.1,503
4.3,46
11.4,157
4,98
11.9,176
16,2147
18.5,495
16.5,464
13.7,51
6.9,72
7.9,538
14.7,467
8.3,108
23.6,735
20.5,1413
13.3,135
21.7,634
12.4,457
11.6,843
10.3,664
0,49
9.1,87
3.4,117
9.9,934
14.4,1016
10.3,563
17.3,219
10.7,1302
17.5,245
19,457
30.4,368
0,51
11.8,633
8.5,175
0.9,1481
12.9,5601
15.4,1524
6.6,30
9,88
3.9,928
26.4,34
12.5,318
7.1,56
8,75
14.9,677
13.5,5533
13.2,369
10.8,7110
6.1,97
3.5,171
9.3,3928
14.9,194
9,2510
13.1,114
9.5,42
n/a,n/a
7.4,1908
13.3,292
16.6,114
0,192
12.1,624
20.8,1139
12.5,64
13,1122
22.7,1320
18.4,114
23.8,222
30,60
5.6,124
10.7,93
21.8,912
19.7,2465
1.1,178
n/a,n/a
7.8,1305
12.4,937
13.2,2196
13.1,243
3,33
10.4,96
14.9,5293
14.1,156
12.2,2754
6.5,91
9.7,134
3.4,231
5.7,87
16.8,746
10,490
18.1,1281
15.8,1296
12.1,271
11.5,1634
14.7,1453
n/a,n/a
10.7,28
4.2,70
10.5,19
4.8,41
3.3,179
7.2,69
6.2,32
0,61
0,16
5.2,38
5.4,55
5.2,133
0,36
3,33
4.4,67
18.8,1615
11.7,1626
8,62
5.8,68
13.1,38
0,45
0,27
5.2,57
0,38
1.8,109
19.1,193
0,22
15.1,205
18.4,114
16.4,504
16.3,741
1.6,60
19.8,918
14.5,653
16.5,2032
14.4,76
22.7,545
25.7,373
4.9,224
n/a,n/a
2.7,37
1.2,83
13.1,312
11.5,199
10.1,393
14.1,156
24,100
6.9,143
11.9,92
9.2,368
24.6,65
19.2,420
13.5,539
8.8,68
2.2,88
17.9,935
0,36
1.7,58
7.1,11188
15.3,26
13.7,29
2.8,71
15.8,428
5.4,1080
20.7,830
5.5,54
2.3,172
17.3,623
8.6,279
0,32
16.5,1036
3.2,62
14.4,16504
11.1,45
16.6,48
10.6,686
14.9,3441
15.5,585
15.4,2506
2.9,34
8.3,12
2.9,341
13.2,348
1.1,90
9,33
5.5,36
4.7,42
14.1,85
10.1,59
7.7,2413
0,21
18.2,678
12.5,224
6.8,44
9.4,223
23.3,453
16.1,496
20.3,456
2.5,1402
7.9,163
23.7,135
2,100
1.3,153
8.3,36
6.7,354
0,11
6.1,1663
12.3,105
23.1,1384
10.9,1353
19.1,1594
16,100
8.4,296
13.6,586
3.9,1253
21.8,4834
17.6,102
2,49
12.9,1058
2.6,75
3.5,56
13.4,878
16,812
29.9,846
18.8,3845
n/a,n/a
8.1,3773
5.4,74
10.1,246
16.2,727
4,1174
14.9,594
4.3,1430
4.9,2150
1.4,70
2.6,38
8.5,410
10,1638
7.6,522
18.8,1526
16.5,115
n/a,n/a
5.4,37
1.7,56
24.1,87
2.7,37
4.7,21
11.6,403
14.2,1875
27,1666
3.4,88
9.4,381
6.2,32
18.1,22
5.5,18
3.7,27
14.4,1415
11.1,144
3.2,61
6.7,74
31.8,22
4.1,96
20,60
20.1,3240
12.8,2249
18.8,1318
18.4,141
1,94
18,133
0,41
6.1,49
22.5,71
12.6,103
13,84
11.6,1997
13.6,5770
0,14
5.3,10065
6.7,103
20.5,73
16.1,1884
9.5,1505
7.7,154
10.8,37
12.5,1647
6.9,129
22.7,237
23.8,113
8.5,70
7.9,226
1.3,73
18.8,122
9.9,1644
4.4,3128
6.1,3370
15.8,2545
3.5,199
14.8,3282
1.6,185
14.6,3683
10,209
10.7,214
25.3,800
0.6,490
4,687
1.5,191
14.5,103
17.5,137
0.8,603
5.1,39
15.4,493
29.7,3937
13,84
3.4,3448
0,39
3.7,377
3.3,451
16.3,55
8.4,166
10.8,46
15.5,129
15.3,319
13.8,1332
15.6,961
18.9,27453
n/a,n/a
13.7,452
0,75
8.5,931
9.3,1110
18.7,486
17.5,1698
27,111
11.4,245
15.3,222
0,112
11.2,257
20,55
14.3,410
12.1,115
24.6,223
9.8,51
0.6,309
13,605
16.7,1046
5.4,110
9.5,642
8.9,67
7,85
12.1,511
17.1,789
2.7,73
4.9,61
n/a,n/a
2.9,67
8.6,717
5.6,125
11.1,18
6.6,7396
2,48
14.7,136
5.3,93
6.4,2787
6.1,49
7.5,145
19.6,16512
2.5,1671
6.2,64
5.7,260
1.8,55
1.5,131
5.9,67
16.4,559
16.2,1431
22.5,1234
1,91
0,12
14.6,1024
12.3,5230
n/a,n/a
13.3,30
4.3,412
12.5,80
7.6,261
7.3,95
7.6,3380
21.4,2285
8.5,47
0,13
0.3,310
16.6,48
21.6,4867
25,4694
20.2,542
13.7,595
3.9,252
5.9,2673
15.6,1303
20.1,1608
17.6,2085
2.5,1717
9.4,999
9.2,810
17.7,107
28.3,282
7.2,55
27.6,170
9.8,335
0,25
14.7,359
5.8,17
18.1,44
6.6,30
8.1,271
20.1,1358
13.7,888
11.5,1966
0,20
2.2,131
27.5,795
1.5,443
0,26
0,17
6.9,86
12.8,1924
11.8,3130
6.9,304
5.3,299
0,20
3.8,26
0,25
5.8,86
0,32
21.3,61
7.5,133
28,50
13.8,10601
6.8,73
10.7,1264
0.9,1398
0,76
14.2,14
6.5,46
15,3193
3.8,77
17.6,34
8.6,92
10,30
6.5,614
11.2,36680
12.5,502
16.6,66
25.8,85
23,117
27,2429
n/a,n/a
8.6,23
9.1,175
9.7,103
4.1,73
17.7,62
27.7,18
6.4,154
2.8,211
27.9,887
3.1,439
18.8,609
10.3,135
6.2,48
n/a,n/a
n/a,n/a
21.8,366
11.5,243
26.1,5833
12.4,153
2.5,40
12.1,820
0,28
0,76
9.7,988
7.3,960
6,33
7.5,79
17.1,35
8.4,153
12.7,251
n/a,n/a
7.1,183
15,1776
11.8,660
n/a,n/a
10.3,77
17.8,1654
0,18
n/a,n/a
n/a,n/a
n/a,n/a
n/a,n/a
3.4,29
3.2,61
7.1,14
0,17
n/a,n/a
n/a,n/a
0,19
0,15
n/a,n/a
5.8,17
0,16
n/a,n/a
23.4,1195
3.8,26
5,20
13.8,36
7.6,1795
5,178
3.3,809
14.4,222
15.3,10573
22.9,109
8.3,2948
5.7,1878
13.7,501
16.3,1205
24.1,153
9.6,801
18.6,360
n/a,n/a
1,187
1.2,78
1,100
5.5,6770
12.2,2847
0,16
18.3,191
13.5,243
16.1,142
12.2,163
11.4,61
2.9,34
4.4,89
18,72
0,32
5,119
13.6,382
20.9,43
5.5,36
6.4,9530
2.6,2030
14.7,983
27.3,150
10.5,151
0,12
3.9,604
7.4,27
5.7,70
9.5,503
3.6,573
4.1,1618
2.9,34
6.6,3858
7.6,13
13.4,1796
0,170
8.3,72
19.6,56
8.2,713
0,27
4.8,62
8.5,35
4.3,23
6.8,408
17,100
12.7,228
13.2,1072
24,216
n/a,n/a
4.6,235
17.7,788
5.8,119
11.4,183
0,44
3.5,57
1.8,222
18.3,196
10.8,4564
2.2,45
7.5,119
12.2,295
6.2,96
8.1,269
12.1,181
13.1,91
17.7,152
7.3,68
n/a,n/a
14.2,175
6.4,154
5.8,222
n/a,n/a
14.6,776
9,199
6.1,49
3.8,415
17.1,982
13.3,360
5.7,52
3.5,28
2.5,40
2.9,34
2.7,36
3.2,31
12.6,71
n/a,n/a
28,57
16.7,419
7.6,13
0,34
1.6,238
7.4,134
15.8,82
1.9,777
2.2,179
2.5,237
1.7,284
0,21
n/a,n/a
4,74
6.6,45
1.9,104
3.1,32
0.7,388
19.1,831
2.9,309
7.2,83
3.2,2012
11.3,115
3.7,81
16.3,478
10.7,121
8.7,6130
8.2,352
6.3,547
0,37
5.6,1066
21.7,717
11.1,18
14.1,248
11.2,257
2.6,38
3.3,271
14.1,92
14.7,2998
16.1,2198
13.5,199
14.1,1707
2.5,983
16.4,506
2.6,300
14.1,1772
5.8,68
18.6,578
0,30
0,44
6.6,30
10.6,75
0,19
20.3,103
17.8,483
7.5,66
0,15
14.7,34
16.2,179
12,75
23.9,927
5.7,661
4.7,85
n/a,n/a
11.4,61
18.6,974
16.2,86
6.4,31
11.3,601
17.3,115
2.7,37
11.1,99
20.6,63
12.5,656
0,15
8.9,56
21.8,917
6.6,60
12.9,162
24.6,77
11.3,106
16.3,488
7,613
19.5,123
14.5,15142
10.9,55
0.9,108
16,280
1,276
24.5,61
0,37
5.4,74
20.5,39
9.7,113
5.4,74
10.3,116
7.3,1201
3.9,126
9.3,86
15,359
2.5,79
29.7,306
13.3,570
0,23
9.2,32938
39.5,91
2.5,579
14.3,216
19.5,3168
11.3,79
7.3,176
11.4,70
19.1,516
7,128
6.5,76
10.1,118
7.3,122
24.7,465
0,78
4.1,362
4,50
25.9,108
5.7,2111
3.1,287
5,320
10.2,196
6,100
25.9,5464
4,1521
4.4,68
11.4,227
11.2,312
26.1,2517
9,33
23.1,432
8.1,751
13.3,4408
18.4,1136
3,100
7.7,232
11.9,518
n/a,n/a
10.2,49
16.2,962
13.2,1803
15.8,158
14,100
0,17
8,25
27.3,329
22.3,94
5.3,112
14.1,445
0,12
3.2,62
2.9,34
16.2,783
7,57
2.4,123
2.6,149
6.6,181
14.3,993
11.1,54
9.9,353
8.5,175
12.5,56
1.9,103
3.4,29
0,44
1.6,236
3,33
9.8,598
11.3,79
0,26
12.3,139070
3.4,29
11.1,959
24.4,1217
8.7,1026
11.4,574
15,4069
20.9,2564
7.8,444
1.6,59
5.5,72
3.3,89
35,1519
8.8,45
2.3,344
5.3,186
2.3,42
12.5,272
3.1,63
16.5,940
1.8,108
14.3,1025
4.7,417
0,13
10.2,272
13.1,591
17.1,35
13.4,104
7.9,63
9.7,380
9.6,93
19.8,11403
6.2,48
12.6,245
n/a,n/a
10,20
17.4,1935
0,13
15.8,82
17.1,2477
4.1,215
0,75
5.9,301
11.3,88
12.8,39
9.6,52
0,52
2.4,163
19,3747
16.4,140
11.6,428
11.7,51
5,120
20.1,119
5.3,130
2.1,47
4.5,154
8.9,67
19,205
13.2,53
0,32
16.2,1065
21.4,514
18.4,38
1.1,176
20.5,594
20,698
14,50
n/a,n/a
5.1,39
19.6,51
5.5,358
26.6,30
4.6,64
1.8,215
20,65
1.5,133
3.1,96
19.1,99
21.9,273
4.8,2429
0,11
3.3,30
4.5,197
4.7,42
10.5,57
7.6,197
8.1,49
10,40
10.7,158
25.5,47
27.1,847
10,70
6.4,31
n/a,n/a
7.5,290
2,143
1.4,67
11.2,10442
10.6,225
13.5,37
5,118
5.6,89
4.4,1497
25,96
2.8,35
18,1308
3.3,59
10.2,49
8.1,37
20.1,3521
21.3,760
7.9,63
3.7,53
7.2,138
7.3,95
6,99
10.3,126
8.5,480
0,59
8.2,121
10.3,97
0.5,175
13.3,30
2.5,392
2.9,67
14.2,70
19,508
7.4,351
18.7,32
n/a,n/a
7.2,55
27.2,463
14.6,75
7.8,64
11.7,34
14.5,411
10.6,131
7.8,203
6.2,677
20.5,78
12.1,404
12.3,65
13.6,1593
15.9,88
4.1,168
6.4,108
3.5,85
47,51
20.4,4098
0,14
9.8,71
17.2,602
18.5,248
11.5,191
6.9,129
15.5,19780
22.1,748
19.3,351
6,33
17.3,127
32,78
7.5,1112
7.2,291
3.6,111
9.1,87
8.3,72
10.9,55
n/a,n/a
5.7,87
6.6,30
8.9,56
0,34
9.2,195
0.3,252
2.9,101
15,2310
n/a,n/a
15.1,191
6,2441
1.8,55
14.4,215
11.7,17
5.7,35
14.5,281
20.3,280
n/a,n/a
14.6,75
16.6,48
3.5,56
8.5,35
16.6,42
5,20
25.5,684
12.1,99
6.5,76
25.6,191
6.2,32
17.9,1216
4.7,189
14.7,333
9.4,53
14.1,155
12.3,252
15.2,170
5.2,497
8.6,150
11.9,42
0,17
22.9,157
6.1,49
0,90
14.7,68
9.2,54
8.3,96
5.4,128
0.5,194
n/a,n/a
7.9,6993
17.6,113
13.9,754
17.1,99
12.5,2699
14.6,1934
23,13
13.8,1196
12.6,71
3.9,153
10,30
4.3,93
2.7,72
9.4,74
20.8,623
4.7,42
10.7,140
15.3,91
15.8,353
16.6,72
3.1,128
3.3,60
0,36
20.1,507
14.8,310
1.3,370
0,71
3.7,27
10.3,58
1,882
14,50
6.2,48
8.1,122
3.1,63
26,50
1.1,87
29.7,1183
22.1,564
17.5,165
9.8,162
3,66
5.9,2960
13.5,59
1.8,267
16.6,90
41.7,134
1,398
11.5,1912
33.3,30
14.1,141
0.9,1091
26.4,631
8,87
21.2,1495
8.6,46
14.4,104
12.5,16
13.7,306
17.3,156
4.4,225
10.8,148
9.5,84
15.9,88
18.5,200
14,150
24.6,154
9.3,235
24.7,3085
4.6,65
2.9,170
27.3,1290
7.6,52
5.7,35
17.8,196
5.2,96
10.5,85
4.3,91
2.5,158
28.5,42
7.5,79
6.6,45
6.7,177
12.5,707
7.6,39
n/a,n/a
n/a,n/a
20.7,569
10.4,86
0,20
3.3,90
3.7,27
8,62
4.5,22
4.7,106
15.4,428
14.5,124
16.1,31
5.8,85
0.9,101
14.1,1687
12.6,174
1.8,55
0.7,383
16.6,518
27.5,69
16.2,746
19,215
7.8,51
14.4,83
13.1,91
7.9,23686
7.9,23686
24.5,1877
6.2,96
9.5,304
10.4,96
1.9,102
11.3,292
2,146
13.1,433
17.1,111
10,2121
6,66
8.6,58
19.7,243
25.9,608
9.6,62
14,750
4.1,73
4.3,23
n/a,n/a
7.5,40
18.4,417
16.9,59
1.4,69
16.6,36
0,31
25.9,1352
1.8,159
10,120
18.6,86
6.4,31
5.7,437
14.1,5144
16.9,59
23.6,584
24.3,111
20.6,16435
0,40
8,50
14.9,302
9.5,42
9.4,53
18.1,640
6.7,59
4.6,64
16.8,101
14.3,132
11.7,34
24,523
3.5,56
14,271
3.7,216
9.6,52
10.5,770
20.3,118
0.9,108
6.1,49
0,13
7.8,115
15.1,323
4.1,72
0,43
2.7,73
3.6,109
5.8,51
30,586
15.7,514
13.1,137
6.9,259
4.8,41
0,49
2.7,36
16,873
12.7,110
7,114
2.5,80
2.6,38
7.5,66
4.5,66
17.8,28
9.2,54
9.7,41
17.4,1660
1.3,382
12,133
10.8,1128
0,11
45.4,33
0,32
15.4,123
9.2,54
8.7,241
5.6,89
10.1,187
7.5,40
9.2,76
4.9,425
16.2,43
8,50
n/a,n/a
37.8,74
15.8,63
23.1,16744
7.9,615
10.3,154
22.2,1218
4.8,249
10.9,319
21.2,202
15.8,63
19.3,918
3.3,417
5.1,77
17.1,396
20.2,99
5.8,51
12,83
13.3,60
11.1,144
2.5,119
26,836
5.6,160
12.5,40
7.8,191
6.9,72
13,176
0,81
14.8,404
0,57
5,80
5.5,18
13.8,311
1.8,53
16,3788
21.4,1069
17.4,2953
12.7,9030
19.5,46
10.2,39
21.1,52
0.5,197
0.5,167
2.9,473
0,78
2,150
0.4,906
19,1058
15.9,113
7.2,97
7.2,69
32.8,152
0,31
21.9,660
13.7,583
5.4,74
22,50
3.4,234
8.4,118
4,74
12.8,366
9.5,178
7.3,22937
5.7,140
13.4,3268
30,30
12,58
11.1,1063
6.3,63
11.4,70
18.4,76
17.6,34
8.9,78
17.1,269
0,53
8.8,90
3.1,64
5.3,168
11.1,54
16.3,214
6.5,276
10.9,137
13.7,102
4.9,182
6.1,97
7.4,121
10.9,266
32.1,137
9.2,119
10.1,688
27.1,70
11.1,63
9.1,957
3.9,127
0,14
22.9,764
0.7,130
20,513
25,68
13.6,95
10,548
8.4,95
15.3,39
14,706
11.7,153
22.7,79
6,115
16.7,329
17.1,1369
15,60
10.6,575
3,132
7.3,82
17.2,573
11.1,27
8,100
0,34
7,157
37.5,144
9.6,1013
6,50
25.2,514
21.2,924
17,94
0,51
24.1,62
7.6,78
16.7,161
11.5,78
3.8,52
13.5,206
2.1,95
8.6,299
10.6,47
4.6,65
17.9,324
21.7,413
10.9,383
14.3,2440
16.2,1174
6.2,80
4.3,114
4,49
6.1,49
3.7,162
n/a,n/a
14.9,147
6.5,76
5.5,126
19.5,487
3.8,103
14.2,35
10.4,410
10.5,38
6.8,145
25.7,2966
16.9,206
26.8,41
8,187
9.7,41
14,149
13.6,2753
9.7,133
12.4,379
10.9,137
9,121
2.7,181
9,44
10.4,173
29,31
4.4,45
14.7,210
17.5,2453
12.1,875
8.3,203
15.1,99
28.1,635
7.7,3427
5.4,73
3.2,62
5,20
15.1,772
2.6,115
4.1,24
3.4,147
32,882
10.3,693
13.8,36
9.8,61
3,265
4.7,105
12.5,288
25.9,5464
5.7,105
9.6,249
17,1669
14.6,41
6.6,30
14.4,159
13,168
3.2,91
5.2,96
8.4,154
16.6,96
6.5,46
6.2,80
7.5,93
0,54
19.4,72
16.3,293
10.3,154
0,22
3.9,76
6.7,134
17.1,216
4.4,90
31.7,2552
2.3,42
17.9,67
15.5,45
21.3,454
1.1,86
17.2,1093
11.1,63
8.8,68
25,48
7,57
2.3,85
9.5,42
15.9,489
2.6,75
20.1,744
2.4,575
12.9,77
8.9,56
14.9,569
9.2,65
22.8,83
9.3,544
20.4,14360
37.8,37
23.1,1391
4.4,2083
24.5,200
18.5,242
18.8,101
7.6,65
n/a,n/a
5.9,84
18.8,69
13.9,136
9.3,215
24,50
6.7,222
17.9,451
9.7,41
27.4,51
16.6,126
0.9,210
6.3,63
9.4,116
0.9,426
5.1,39
7.3,488
13.3,6663
23.8,63
11.3,53
8,435
13.4,82
n/a,n/a
6.6,30
17.4,910
20.4,1944
5.3,354
0,48
22.8,57
9.7,41
14.9,463
19.1,825
14.2,175
22.7,2550
14.6,75
2.9,405
13.2,1168
11.8,288
13.8,564
6.6,30
19.5,763
7.4,216
3.8,52
3.1,32
19,100
1.6,121
10.2,78
4.9,201
11.7,34
10.2,195
6.8,58
4.4,67
5,840
15.9,1839
9.4,117
11.4,2814
5.1,78
7.3,245
13.6,403
20.4,181
14.7,387
5.3,75
21.1,1280
6.9,86
26.7,382
7.4,108
1.6,238
1.1,85
18.6,658
2.4,326
14.5,1645
8.5,105
7.6,13
6.4,156
6.1,146
0,57
12.9,277
18.1,33
13.6,132
6.3,79
24.2,136
25,56
10.1,304
10,30
12.7,235
0,45
17.2,4020
9,2282
13.6,573
20.8,48
0,54
22.4,214
12.5,32
35.2,17
9.7,41
9.4,95
17.7,192
22.6,75
2.2,44
6.8,88
0.5,783
3.9,1690
5.2,19
6.1,49
0,20
23,65
3.2,62
10.5,38
0,87
15.2,2625
5.5,18
10.3,29
5.8,34
4.2,469
18.3,131
16.6,126
0,53
2,49
13.7,51
17.4,366
14.7,265
6.6,15
3,66
13.4,469
11.4,157
5.8,324
2.5,40
11.3,893
27.7,18
18.9,280
12.8,117
5.2,95
7.2,55
9.3,75
0,24
5.8,68
7.4,54
6,33
3.5,141
28.6,544
15.5,122
4.1,504
19.7,480
3.3,632
4.3,138
2,99
21.4,728
11.8,589
6.4,326
10.6,66
10,40
35.7,28
15.3,189
3.4,29
2.7,37
14.2,42
16.7,996
3.9,277
13.4,179
20.5,832
15,280
6.4,62
5.6,677
34.2,1291
16.4,97
25,32
2.4,41
4.8,41
21.4,592
5,139
0,220
16.3,380
11.8,1038
6,330
12.9,301
5,100
3.6,329
13.6,139
4.7,273
15.2,256
13.4,1251
10.3,77
6.2,32
2.1,184
24.4,441
2.5,80
n/a,n/a
25.1,378
5.8,34
17.3,75
1.1,84
21.6,314
20.6,1714
3.7,54
15.6,51
8.3,12
0,43
17,41
8.5,480
0.6,433
2.2,227
25,100
5.7,87
2.9,34
16.2,504
11.5,182
5.4,37
2.1,139
6.4,62
7.8,64
20.4,83
4.1,24
16.7,179
21.1,52
14,114
0,81
7.5,437
5.9,184
14.8,27
7.5,53
5.2,153
5,357
2.2,90
9.1,174
11.8,118
5.5,2483
5.5,1472
7.3,41
8.8,68
6.5,18035
29.4,658
0,15
16.3,104
13.8,36
20.5,73
0,34
18,72
23,39
4.5,22
5.6,89
0,42
17.1,2302
18.9,496
n/a,n/a
10.9,174
0,17
13.7,175
4.3,69
3.1,32
16.6,90
5.2,190
9.5,136
0,79
0,40
11.7,34
2.9,34
n/a,n/a
8.4,333
5.5,54
10,70
10.3,58
6.8,29
n/a,n/a
4.1,15008
4.2,561
11.1,36
n/a,n/a
0,20
6.6,30
0,20
n/a,n/a
3.2,62
7.7,207
18,1831
2.5,79
3.3,178
24.1,244
7.3,122
3.8,916
15,2499
7.2,137
9.3,825
10,70
2.5,625
11.5,234
15.5,154
17.5,148
27.9,154
15,239
2.9,102
11.3,167
17.9,67
1.5,65
5.1,39
27.7,18
17.8,1695
11.8,135
12.3,585
2.5,78
14.4,263
4.2,586
16.5,471
15.3,449
2.3,42
2,50
3.5,56
9.2,54
23.9,96
14,250
0,16
0,63
4,399
5.2,96
3.7,107
2.7,74
19.5,92
26.6,15
21.8,448
17.9,89
0,15
0,47
1.1,84
13.7,393
7.6,169
17.1,64
11.1,18
5.6,53
3.6,55
17.6,1261
5.8,224
11.6,344
12.5,88
2.5,39
n/a,n/a
23.2,1981
n/a,n/a
n/a,n/a
0,70
6,33
n/a,n/a
2,99
11.6,181
5,59
0,13
5.8,120
6.6,30
11.7,34
6.4,78
15.4,413
0,58
8,25
11.3,176
3.7,53
14.8,108
22,290
2.9,34
14.8,607
20.1,119
31.2,374
7.6,1278
9,33
11.9,8687
13.4,341
2.1,138
10.6,131
0.8,118
n/a,n/a
14.5,55
18.1,33
8.9,56
9,122
14.4,180
12.5,32
1.2,81
n/a,n/a
5,99
16.3,159
9,11
13.9,487
12,589
5.2,38
6.4,31
29.2,205
2.3,43
13.7,277
0,12
18,61
14.7,61
3.8,104
10.6,47
4.3,209
21.3,687
5.2,246
8.1,712
15.2,275
1.3,74
1.3,143
21.6,111
2.7,181
4.6,213
12.7,141
17.5,222
12.9,54
0,28
20.6,184
n/a,n/a
3.2,62
3.5,167
50,14
10.1,89
19.5,87
27.3,95
n/a,n/a
5,20
0,16
2,48
4.8,82
1.9,152
7.4,54
0,42
9.6,114
7.2,69
8.9,290
2.7,1884
16.3,116
2.4,41
12.7,204
0.5,188
17.4,103
8.6,92
14.1,191
2.3,216
5.8,34
14.7,223
8.1,61
12.7,2192
5.5,36
11.3,44
5.8,51
3.2,31
14.9,87
20.3,64
9.8,162
16.6,12
9.1,109
21,304
8.3,96
12.4,129
1.6,62
6.8,58
19.7,71
19.4,226
n/a,n/a
8.2,97
9.5,261
9.8,51
16.4,261
5.8,51
0,65
3.1,188
24.6,69
21.9,73
9,110
26.4,102
18.7,1213
11.2,2587
16.5,452
7.2,137
20.3,452
15.5,129
10.5,57
5.4,55
36,183
5.3,3827
6.4,31
0,49
10,249
8.6,46
n/a,n/a
23.8,21671
9.2,65
15.1,33
35.5,59
2.6,38
13.8,65
5.4,37
34.5,678
31.8,91
1.1,85
2.8,107
2.1,95
16,193
14.4,173
0,17
12,50
18.9,95
n/a,n/a
n/a,n/a
0,53
17.7,45
26.4,121
6.3,47
6,66
0,19
4.5,44
14,171
0,48
0.6,147
17.7,124
29.1,48
18.6,118
17.1,64
17.2,232
4,50
3,523
17.6,181
12.9,54
8.3,12
8,149
25.3,1007
15.9,144
16.6,30
9,99
15.3,130
5.9,842
34.4,90
5.4,164
14.7,122
11.6,43
19.5,87
0,67
12.3,260
8.6,312
0,50
15.4,84
2,49
16.5,242
20.3,753
9.4,116
22.2,620
7.8,38
21.2,94
24.8,141
3.8,334
11.1,152
15.2,72
16.1,1173
15.2,59
6.4,139
4.7,1188
13.5,229
0,115
9.8,71
10,40
13.7,51
3.5,1056
11.7,51
6.6,15
8.4,403
8.4,59
4.1,72
5,59
5.8,34
16.9,71
10.9,91
9.6,31
10.7,233
11.4,219
13.9,43
8.7,194
9,77
10.4,201
0,35
4.3,23
0,30
22,77
4.7,85
0,67
16.4,85
34,97
22.1,1205
4.3,91
12,671
12.6,87
24.7,1079
21.6,988
30.2,43
13,443
0.8,125
21.9,679
16,87
0,53
23.2,15704
8.1,296
6.6,45
12.5,40
0.9,430
0,40
31,357
2,48
4.9,101
0,29
11.4,1253
15,20
2.5,39
5.7,173
15.6,96
8.4,118
13.1,182
10.6,113
5.6,250
21.6,37
7.2,137
1,187
15,113
2.8,276
13,100
18.5,113
8.3,48
13.3,90
28.6,185
9,66
18.3,191
6.7,104
5.4,37
11.4,719
0,33
19.2,52
23.2,56
10.8,369
0,13
0,26
8.1,148
28.8,52
13.7,312
11.3,274
50,46
16.1,124
9,33
18.6,129
2.2,44
15.2,151
6.9,286
25,128
0,35
5.3,93
20.1,432
15.2,197
10.2,98
16.3,98
24.3,201
12.1,115
0,23
9.3,4886
9,33
22.7,5171
10.4,67
28.2,39
25.3,189
4.2,163
n/a,n/a
10.7,112
12.5,40
25,64
9.8,122
13.7,58
11.6,103
3.9,1255
2.7,72
10.6,94
6.7,74
3.2,593
3.7,885
10.6,75
2.6,454
10.2,39
4.8,41
12.2,352
29.8,87
25.1,163
13.7,131
6.8,102
0,69
17.8,73
14.2,49
10.9,55
11.5,173
14.2,35
10.5,38
1.2,462
4.6,1020
6.1,65
27.1,70
29.2,82
7.7,103
12.9,62
3.2,91
13.9,93
20.7,101
2.4,1413
5.1,58
11.1,405
0,33
16.3,98
30.3,33
3.2,62
4.8,41
0,31
9.7,134
14.6,327
11.3,44
31.5,38
2.9,67
38.8,36
13.6,110
16.6,258
2.4,41
9,88
0,53
11.8,93
25.3,63
6.2,32
10.3,106
32.6,46
19.7,162
16.3,49
2.5,118
4,123
19.1,428
2.8,35
18.6,75
20.3,226
3.8,78
1.4,680
0,30
12.4,2401
10.5,38
1.4,71
0,61
17.3,75
1.9,51
3,323
11.1,36
5.4,74
13.2,83
12.8,70
31,58
20,55
1.8,53
7.7,90
10.6,103
12.5,96
21.6,74
3.7,27
0,45
12.1,41
11.7,136
5.3,132
14.6,109
13.1,182
11.8,93
12,108
19.2,161
20.2,99
17.5,97
9.8,112
22,100
6.4,31
1.7,349
12.7,55
16.6,66
4.8,41
0,55
13.1,198
11.8,110
12.6,182
2.2,90
14.6,41
27.8,61
35.8,53
17.1,64
10,90
36.1,36
9.1,87
5.3,169
0.6,143
18.5,216
2.4,83
13.1,38
13.1,281
6.3,284
24.4,49
14.5,62
5.8,119
12.9,31
13.2,53
21.1,52
12,75
17.8,224
13.3,60
4.1,72
11.7,162
8.2,109
0,22
3.8,104
9.2,76
27.4,51
10.7,28
7.4,27
10.9,165
10.5,57
4.5,44
16.7,429
25.3,67
4.8,62
13,168
11.7,68
13.5,162
5.1,97
2.8,35
1.2,78
10,30
10.8,37
15.7,38
11.3,158
7.4,67
4.6,171
5.1,2619
4.1,48
0,23
4,49
5.4,74
20.5,544
4.2,118
8.2,219
8.6,81
11.2,62
10.3,126
12.2,90
14.5,48
12.2,49
6.5,46
22.2,108
6.7,164
16.4,91
1.5,64
16.9,71
15,160
22.5,62
8.5,82
12.1,33
23.9,92
10.7,196
9.8,274
0,92
18.2,104
7.5,53
13.1,183
15,40
10.7,84
4.8,83
13.1,38
7.5,66
8.8,45
7.6,52
9,760
6,600
21.8,32
10.4,105
6.9,143
21.8,137
9.5,63
5,140
15.2,92
25.9,274
21.6,97
13.9,194
12.7,55
1.3,73
7.3,82
n/a,n/a
8.3,96
15.2,171
10,30
2.8,35
11.9,42
7.1,42
14.5,124
9.6,93
9.2,108
39.4,38
8.9,67
0,62
5.6,89
12.3,81
8.1,159
3.8,129
23.4,81
1.8,55
9.8,81
2.9,34
n/a,n/a
3,33
9.5,221
23.7,97
12.9,31
19.4,36
24.2,33
10.3,97
7.7,77
6.1,81
4.6,150
6.2,64
12,125
2.8,140
0,34
31.4,70
13.4,67
2.9,34
48.3,31
13.5,184
14,100
1.5,66
24.7,351
4.5,44
34.9,63
13.1,266
5.2,38
17.6,85
23,169
1.7,57
13.7,80
6.6,30
0,14
16.5,103
14.5,62
12,75
18,61
7.3,68
2.5,39
6.2,255
5.3,56
20,15
16.2,37
5.4,37
14.5,144
5.3,56
10,30
4.7,63
5.3,113
10.9,64
30.7,140
11.9,92
22.4,58
0,14
33.3,33
10,80
6.3,47
15,40
6.3,47
11.3,53
6.6,45
0,15
12.2,155
2.4,81
12.9,170
20,55
18,61
17.8,129
29.2,41
0,117
17,41
4.7,42
0,12
10.9,82
14.3,195
32.6,104
38.9,59
5.1,39
7.3,109
15.9,69
9.5,115
3.2,31
2.5,39
15.8,120
17.9,39
3.9,126
18.9,206
23.2,142
19.3,119
13.5,37
1.8,54
15.1,99
5,100
34.3,64
16.9,65
20.8,48
19.2,203
11.4,61
13.6,73
21.3,103
16,300
22.2,36
40.4,47
13.9,43
7.8,38
3.7,108
5,2733
10.6,150
9.5,115
31.8,22
5.7,69
23.7,59
3.3,89
5.3,56
21.2,33
7.8,38
18.3,2895
0,38
15,40
16.9,59
45.2,73
6.2,32
14.2,70
35.4,31
57.6,59
14.8,54
12.1,33
27.9,43
11.5,26
17.6,34
17.2,87
15,106
6.2,32
5.2,38
7.1,42
0,36
0,108
21.8,55
4,74
3.3,148
15.4,97
18.7,48
12.5,56
14.6,41
8.8,45
11.1,45
27,48
11.7,34
23,39
32.7,61
4,124
12.1,107
9.7,215
16.6,36
16.1,31
1.9,52
8.4,71
3.5,1795
9,33
7.3,17303
9.2,3357
9.2,16416
7.3,95
15.5,225
7.9,23711
7.7,13866
10.9,1353
3.4,3593
